{
  "project_info": {
    "project_number": "1002633561728",
    "firebase_url": "https://garena-call-of-duty.firebaseio.com",
    "project_id": "garena-call-of-duty",
    "storage_bucket": "garena-call-of-duty.appspot.com"
  },
  "client": [
    {
      "client_info": {
        "mobilesdk_app_id": "1:1002633561728:android:9fd19346b4d9f7aa",
        "android_client_info": {
          "package_name": "com.garena.game.codm"
        }
      },
      "oauth_client": [
        {
          "client_id": "1002633561728-u0e168kog3dctrinq6ufp1jr0alhjaur.apps.googleusercontent.com",
          "client_type": 3
        }
      ],
      "api_key": [
        {
          "current_key": "AIzaSyCBOpr-leHErHNbqUJvWKdF8VDtLcvUSvw"
        }
      ],
      "services": {
        "appinvite_service": {
          "other_platform_oauth_client": [
            {
              "client_id": "1002633561728-u0e168kog3dctrinq6ufp1jr0alhjaur.apps.googleusercontent.com",
              "client_type": 3
            },
            {
              "client_id": "1002633561728-3f39cv3k8r0bvdv5a6dhfkclmpvffuuc.apps.googleusercontent.com",
              "client_type": 2,
              "ios_info": {
                "bundle_id": "com.garena.game.codm",
                "app_store_id": "1465688043"
              }
            }
          ]
        }
      }
    }
  ],
  "configuration_version": "1"
}